﻿{
   "CodeGenerationMode": 1,
   "ContextClassName": "Library_Management_SystemContext",
   "ContextNamespace": null,
   "DefaultDacpacSchema": null,
   "FilterSchemas": false,
   "IncludeConnectionString": true,
   "ModelNamespace": null,
   "OutputContextPath": null,
   "OutputPath": "Library_Management_Entity",
   "PreserveCasingWithRegex": true,
   "ProjectRootNamespace": "BookAppCore.Entity",
   "Schemas": null,
   "SelectedHandlebarsLanguage": 0,
   "SelectedToBeGenerated": 0,
   "Tables": [
      {
         "Name": "[dbo].[Book_Category]",
         "ObjectType": 0
      },
      {
         "Name": "[dbo].[Book_Details]",
         "ObjectType": 0
      },
      {
         "Name": "[dbo].[Library_User_Deatails]",
         "ObjectType": 0
      }
   ],
   "UiHint": "(localdb)\\MSSqlLocalDb.Library_Management_System",
   "UseBoolPropertiesWithoutDefaultSql": false,
   "UseDatabaseNames": true,
   "UseDbContextSplitting": false,
   "UseFluentApiOnly": false,
   "UseHandleBars": false,
   "UseHierarchyId": false,
   "UseInflector": false,
   "UseLegacyPluralizer": false,
   "UseManyToManyEntity": false,
   "UseNoConstructor": false,
   "UseNoDefaultConstructor": false,
   "UseNoNavigations": false,
   "UseNoObjectFilter": false,
   "UseNodaTime": false,
   "UseNullableReferences": false,
   "UseSchemaFolders": false,
   "UseSpatial": false,
   "UseT4": false
}